{"rmse": 13162.63982154726, "mae": 9762.215248579338, "r2": 0.6195921958226598}